gpuName,brand,release_year,category,price,price_tier,G3Dmark,TDP,price_per_mark,marks_per_dollar,performance_per_watt
GeForce RTX 3090 Ti,NVIDIA,2022,Unknown,2099.99,Enthusiast ($700+),29094,450.0,0.0722,13.85,64.65
GeForce RTX 3080 Ti,NVIDIA,2021,Desktop,1199.99,Enthusiast ($700+),26887,350.0,0.0446,22.41,76.82
GeForce RTX 3090,NVIDIA,2020,Desktop,1749.99,Enthusiast ($700+),26395,350.0,0.0663,15.08,75.41
Radeon RX 6900 XT,AMD,2020,Desktop,1120.31,Enthusiast ($700+),25458,300.0,0.044,22.72,84.86
GeForce RTX 3080,NVIDIA,2020,Desktop,999.0,Enthusiast ($700+),24853,320.0,0.0402,24.88,77.67
GeForce RTX 3070 Ti,NVIDIA,2021,Desktop,749.99,Enthusiast ($700+),23367,290.0,0.0321,31.16,80.58
Radeon RX 6800 XT,AMD,2020,Desktop,859.0,Enthusiast ($700+),23364,300.0,0.0368,27.2,77.88
RTX A5000,NVIDIA,2021,Workstation,2631.2,Enthusiast ($700+),22867,230.0,0.1151,8.69,99.42
RTX A6000,NVIDIA,2021,Workstation,4999.99,Enthusiast ($700+),22122,300.0,0.226,4.42,73.74
GeForce RTX 3070,NVIDIA,2020,Desktop,719.99,Enthusiast ($700+),22093,220.0,0.0326,30.69,100.42
GeForce RTX 2080 Ti,NVIDIA,2018,Desktop,998.59,Enthusiast ($700+),21796,250.0,0.0458,21.83,87.18
RTX A4500,NVIDIA,2022,Unknown,2134.64,Enthusiast ($700+),21546,200.0,0.0991,10.09,107.73
Radeon RX 6800,AMD,2020,Desktop,758.99,Enthusiast ($700+),20667,250.0,0.0367,27.23,82.67
GeForce RTX 3060 Ti,NVIDIA,2020,Desktop,599.99,High-end ($350-700),20206,200.0,0.0297,33.68,101.03
TITAN RTX,NVIDIA,2018,Workstation,2794.99,Enthusiast ($700+),20169,280.0,0.1386,7.22,72.03
Quadro RTX 6000,NVIDIA,2018,Workstation,6300.0,Enthusiast ($700+),19692,295.0,0.3199,3.13,66.75
GeForce RTX 2080 SUPER,NVIDIA,2019,Desktop,683.99,High-end ($350-700),19519,250.0,0.035,28.54,78.08
Quadro RTX 8000,NVIDIA,2019,Workstation,4741.49,Enthusiast ($700+),19126,260.0,0.2479,4.03,73.56
Radeon RX 6700 XT,AMD,2021,Desktop,529.99,High-end ($350-700),18993,230.0,0.0279,35.84,82.58
RTX A4000,NVIDIA,2021,Workstation,1233.98,Enthusiast ($700+),18988,140.0,0.065,15.39,135.63
Radeon PRO W6800,AMD,2021,Unknown,2194.99,Enthusiast ($700+),18802,250.0,0.1167,8.57,75.21
GeForce RTX 2080,NVIDIA,2018,Desktop,633.03,High-end ($350-700),18732,250.0,0.0338,29.59,74.93
GeForce GTX 1080 Ti,NVIDIA,2017,Desktop,604.15,High-end ($350-700),18284,250.0,0.033,30.26,73.14
GeForce RTX 2070 SUPER,NVIDIA,2019,Desktop,613.8,High-end ($350-700),18168,215.0,0.0338,29.6,84.5
Quadro GV100,NVIDIA,2018,Workstation,8999.0,Enthusiast ($700+),17675,250.0,0.5091,1.96,70.7
GeForce RTX 3060,NVIDIA,2021,Desktop,329.0,Mid-range ($150-350),16958,170.0,0.0194,51.54,99.75
Radeon RX 5700 XT,AMD,2019,Desktop,694.94,High-end ($350-700),16892,225.0,0.0411,24.31,75.08
Radeon VII,AMD,2019,Desktop,1899.95,Enthusiast ($700+),16767,300.0,0.1133,8.82,55.89
GeForce RTX 2060 SUPER,NVIDIA,2019,Desktop,528.89,High-end ($350-700),16514,175.0,0.032,31.22,94.37
GeForce RTX 2070,NVIDIA,2018,Desktop,627.44,High-end ($350-700),16079,175.0,0.039,25.63,91.88
Radeon RX 6600 XT,AMD,2021,Desktop,399.99,High-end ($350-700),15853,160.0,0.0252,39.63,99.08
Quadro P6000,NVIDIA,2016,Workstation,3250.0,Enthusiast ($700+),15811,250.0,0.2056,4.86,63.24
Quadro RTX 4000,NVIDIA,2019,Workstation,899.0,Enthusiast ($700+),15515,160.0,0.0579,17.26,96.97
GeForce GTX 1080,NVIDIA,2016,Desktop,442.79,High-end ($350-700),15265,180.0,0.029,34.47,84.81
Radeon Pro W5700,AMD,2020,Desktop,1649.99,Enthusiast ($700+),15085,205.0,0.1094,9.14,73.59
Radeon RX 5700,AMD,2019,Desktop,899.95,Enthusiast ($700+),14729,180.0,0.0611,16.37,81.83
Radeon RX Vega 64,AMD,2017,Desktop,799.99,Enthusiast ($700+),14636,295.0,0.0547,18.3,49.61
GeForce GTX 1070 Ti,NVIDIA,2017,Desktop,389.0,High-end ($350-700),14500,180.0,0.0268,37.28,80.56
Radeon Pro WX 8200,AMD,2018,Desktop,1599.39,Enthusiast ($700+),14110,230.0,0.1134,8.82,61.35
GeForce RTX 2060,NVIDIA,2019,Desktop,389.99,High-end ($350-700),13953,160.0,0.028,35.78,87.21
GeForce GTX 980 Ti,NVIDIA,2015,Desktop,719.4,Enthusiast ($700+),13864,250.0,0.0519,19.27,55.46
Radeon RX 5600 XT,AMD,2020,Desktop,545.0,High-end ($350-700),13836,150.0,0.0394,25.39,92.24
Radeon Vega Frontier Edition,AMD,2017,Desktop,1679.99,Enthusiast ($700+),13748,350.0,0.1222,8.18,39.28
GeForce RTX 2080 with Max-Q Design,NVIDIA,2019,Mobile,2099.99,Enthusiast ($700+),13681,90.0,0.1535,6.51,152.01
Radeon RX Vega 56,AMD,2017,Desktop,752.99,Enthusiast ($700+),13636,210.0,0.0552,18.11,64.93
GeForce GTX 1070,NVIDIA,2016,Desktop,342.55,Mid-range ($150-350),13482,150.0,0.0254,39.36,89.88
GeForce GTX TITAN X,NVIDIA,2015,Desktop,1096.99,Enthusiast ($700+),13173,250.0,0.0833,12.01,52.69
GeForce GTX 1660 SUPER,NVIDIA,2019,Desktop,329.99,Mid-range ($150-350),12732,125.0,0.0259,38.58,101.86
GeForce RTX 3060 Laptop GPU,NVIDIA,2021,Mobile,479.99,High-end ($350-700),12674,115.0,0.0379,26.4,110.21
Quadro P5000,NVIDIA,2016,Workstation,1868.99,Enthusiast ($700+),11976,180.0,0.1561,6.41,66.53
GeForce GTX 1660 Ti,NVIDIA,2019,Desktop,349.99,Mid-range ($150-350),11794,120.0,0.0297,33.7,98.28
GeForce GTX 1660,NVIDIA,2019,Desktop,399.99,High-end ($350-700),11695,120.0,0.0342,29.24,97.46
Quadro P4000,NVIDIA,2017,Workstation,556.19,High-end ($350-700),11422,105.0,0.0487,20.54,108.78
Quadro M6000,NVIDIA,2015,Workstation,1099.98,Enthusiast ($700+),11397,250.0,0.0965,10.36,45.59
GeForce GTX 980,NVIDIA,2014,Desktop,247.35,Mid-range ($150-350),11237,165.0,0.022,45.43,68.1
GeForce GTX 1060,NVIDIA,2016,Desktop,279.99,Mid-range ($150-350),10070,120.0,0.0278,35.97,83.92
GeForce GTX 1650 SUPER,NVIDIA,2019,Desktop,441.05,High-end ($350-700),10032,100.0,0.044,22.75,100.32
Radeon R9 Fury + Fury X,AMD,2015,Desktop,449.99,High-end ($350-700),9741,275.0,0.0462,21.65,35.42
GeForce GTX 1060 3GB,NVIDIA,2016,Desktop,305.0,Mid-range ($150-350),9728,120.0,0.0314,31.9,81.07
GeForce GTX 970,NVIDIA,2014,Desktop,237.99,Mid-range ($150-350),9688,145.0,0.0246,40.71,66.81
Radeon RX 590,AMD,2018,Desktop,549.99,High-end ($350-700),9665,175.0,0.0569,17.57,55.23
Quadro P2200,NVIDIA,2019,Workstation,577.17,High-end ($350-700),9486,75.0,0.0608,16.44,126.48
GeForce GTX 780 Ti,NVIDIA,2013,Desktop,339.99,Mid-range ($150-350),9312,250.0,0.0365,27.39,37.25
Radeon Pro W5500,AMD,2020,Desktop,480.99,High-end ($350-700),9269,125.0,0.0519,19.27,74.15
Quadro M5000,NVIDIA,2015,Workstation,499.0,High-end ($350-700),9262,150.0,0.0539,18.56,61.75
GeForce GTX TITAN Z,NVIDIA,2014,Desktop,1515.0,Enthusiast ($700+),9189,375.0,0.1649,6.07,24.5
Radeon RX 5500 XT,AMD,2019,Desktop,449.0,High-end ($350-700),9188,130.0,0.0489,20.46,70.68
GeForce GTX TITAN Black,NVIDIA,2014,Desktop,524.99,High-end ($350-700),9140,250.0,0.0574,17.41,36.56
GeForce RTX 3050 Laptop GPU,NVIDIA,2021,Mobile,379.99,High-end ($350-700),9037,80.0,0.042,23.78,112.96
Radeon RX 580,AMD,2017,Desktop,349.0,Mid-range ($150-350),8907,185.0,0.0392,25.52,48.15
GeForce GTX 1060 5GB,NVIDIA,2018,Desktop,487.99,High-end ($350-700),8704,120.0,0.0561,17.84,72.53
Radeon RX 480,AMD,2016,Desktop,339.99,Mid-range ($150-350),8674,150.0,0.0392,25.51,57.83
Radeon R9 295X2,AMD,2014,Desktop,499.1,High-end ($350-700),8619,500.0,0.0579,17.27,17.24
GeForce GTX Titan,NVIDIA,2013,Desktop,745.0,Enthusiast ($700+),8556,250.0,0.0871,11.48,34.22
Radeon R9 290X / 390X,AMD,2013,Desktop,319.99,Mid-range ($150-350),8389,290.0,0.0381,26.22,28.93
Radeon Pro Duo,AMD,2016,Desktop,1199.06,Enthusiast ($700+),8324,350.0,0.144,6.94,23.78
Radeon R9 290 / 390,AMD,2013,Desktop,380.0,High-end ($350-700),8150,275.0,0.0466,21.45,29.64
Quadro K6000,NVIDIA,2013,Workstation,392.0,High-end ($350-700),8108,225.0,0.0483,20.68,36.04
Radeon RX 470/570,AMD,2016,Desktop,388.99,High-end ($350-700),8070,120.0,0.0482,20.75,67.25
GeForce GTX 780,NVIDIA,2013,Desktop,279.99,Mid-range ($150-350),8022,250.0,0.0349,28.65,32.09
Radeon Pro WX 7100,AMD,2016,Workstation,1047.99,Enthusiast ($700+),7822,130.0,0.134,7.46,60.17
GeForce GTX 1650,NVIDIA,2019,Desktop,209.0,Mid-range ($150-350),7807,75.0,0.0268,37.35,104.09
FirePro W9100,AMD,2014,Workstation,1729.99,Enthusiast ($700+),7719,275.0,0.2241,4.46,28.07
FirePro W8100,AMD,2014,Workstation,704.0,Enthusiast ($700+),7327,220.0,0.0961,10.41,33.3
GeForce GTX 980M,NVIDIA,2014,Mobile,289.99,Mid-range ($150-350),7317,100.0,0.0396,25.23,73.17
Quadro P2000,NVIDIA,2017,Workstation,542.0,High-end ($350-700),7096,75.0,0.0764,13.09,94.61
Quadro M5000M,NVIDIA,2016,"Mobile, Workstation",546.92,High-end ($350-700),6807,100.0,0.0803,12.45,68.07
Quadro M4000,NVIDIA,2015,Workstation,362.0,High-end ($350-700),6644,120.0,0.0545,18.35,55.37
Quadro M4000M,NVIDIA,2015,"Mobile, Workstation",254.91,Mid-range ($150-350),6530,100.0,0.039,25.62,65.3
GeForce GTX 1050 Ti,NVIDIA,2016,Desktop,189.42,Mid-range ($150-350),6314,75.0,0.03,33.33,84.19
Radeon R9 380,AMD,2016,Desktop,89.99,Budget (<$150),6275,190.0,0.0143,69.73,33.03
Radeon R9 380X,AMD,2015,Desktop,349.99,Mid-range ($150-350),6189,190.0,0.0566,17.68,32.57
FirePro W9000,AMD,2012,Workstation,845.0,Enthusiast ($700+),6138,274.0,0.1377,7.26,22.4
GeForce GTX 960,NVIDIA,2015,Desktop,172.0,Mid-range ($150-350),6042,120.0,0.0285,35.13,50.35
GeForce GTX 770,NVIDIA,2013,Desktop,249.0,Mid-range ($150-350),5892,230.0,0.0423,23.66,25.62
Quadro K5200,NVIDIA,2014,Workstation,415.0,High-end ($350-700),5780,150.0,0.0718,13.93,38.53
GeForce GTX 970M,NVIDIA,2014,Mobile,209.99,Mid-range ($150-350),5761,75.0,0.0365,27.43,76.81
Quadro M3000M,NVIDIA,2015,"Mobile, Workstation",159.95,Mid-range ($150-350),5678,75.0,0.0282,35.5,75.71
GeForce GTX 690,NVIDIA,2012,Desktop,280.99,Mid-range ($150-350),5654,300.0,0.0497,20.12,18.85
Radeon HD 7990,AMD,2013,Desktop,399.99,High-end ($350-700),5566,375.0,0.0719,13.92,14.84
Radeon R9 285 / 380,AMD,2015,Desktop,485.0,High-end ($350-700),5550,190.0,0.0874,11.44,29.21
GeForce GTX 680,NVIDIA,2012,Desktop,399.0,High-end ($350-700),5535,195.0,0.0721,13.87,28.38
Radeon Pro WX 5100,AMD,2016,Workstation,550.95,High-end ($350-700),5511,75.0,0.1,10.0,73.48
GeForce GTX 950,NVIDIA,2015,Desktop,141.99,Budget (<$150),5392,90.0,0.0263,37.97,59.91
GeForce GTX 670,NVIDIA,2012,Desktop,193.98,Mid-range ($150-350),5304,170.0,0.0366,27.34,31.2
Radeon HD 7970 / R9 280X,AMD,2012,Desktop,246.99,Mid-range ($150-350),5248,250.0,0.0471,21.25,20.99
GeForce GTX 760 Ti,NVIDIA,2014,Desktop,297.5,Mid-range ($150-350),5206,170.0,0.0571,17.5,30.62
FirePro W7100,AMD,2015,Workstation,389.3,High-end ($350-700),5175,150.0,0.0752,13.29,34.5
Radeon R9 M295X,AMD,2014,Mobile,1449.0,Enthusiast ($700+),5150,125.0,0.2814,3.55,41.2
GeForce GTX 1050,NVIDIA,2016,Desktop,203.1,Mid-range ($150-350),5090,75.0,0.0399,25.06,67.87
Radeon R9 270X,AMD,2013,Desktop,326.5,Mid-range ($150-350),4923,180.0,0.0663,15.08,27.35
GeForce GTX 760,NVIDIA,2013,Desktop,149.0,Budget (<$150),4775,170.0,0.0312,32.05,28.09
Radeon HD 7950 / R9 280,AMD,2012,Desktop,259.98,Mid-range ($150-350),4765,200.0,0.0546,18.33,23.82
Radeon R9 370,AMD,2016,Desktop,159.99,Mid-range ($150-350),4722,150.0,0.0339,29.51,31.48
Radeon HD 7870,AMD,2012,Desktop,176.0,Mid-range ($150-350),4661,175.0,0.0378,26.48,26.63
GeForce GTX 580,NVIDIA,2012,Desktop,139.92,Budget (<$150),4538,244.0,0.0308,32.43,18.6
Quadro P1000,NVIDIA,2017,Workstation,213.2,Mid-range ($150-350),4466,47.0,0.0477,20.95,95.02
GeForce GTX 660 Ti,NVIDIA,2012,Desktop,144.0,Budget (<$150),4367,150.0,0.033,30.33,29.11
Quadro M2200,NVIDIA,2017,"Mobile, Workstation",249.99,Mid-range ($150-350),4342,55.0,0.0576,17.37,78.95
Quadro K4200,NVIDIA,2014,Workstation,249.0,Mid-range ($150-350),4337,105.0,0.0574,17.42,41.3
FirePro W7000,AMD,2012,Workstation,278.05,Mid-range ($150-350),4276,150.0,0.065,15.38,28.51
Radeon R9 270 / R7 370,AMD,2013,Desktop,213.16,Mid-range ($150-350),4260,150.0,0.05,19.98,28.4
FirePro S7000,AMD,2014,Workstation,246.54,Mid-range ($150-350),4166,150.0,0.0592,16.9,27.77
FirePro W8000,AMD,2013,Workstation,573.0,High-end ($350-700),4138,189.0,0.1385,7.22,21.89
Radeon RX 460,AMD,2016,Desktop,166.81,Mid-range ($150-350),4114,75.0,0.0405,24.66,54.85
GeForce GTX 480,NVIDIA,2012,Desktop,169.99,Mid-range ($150-350),4110,250.0,0.0414,24.18,16.44
GeForce GTX 660,NVIDIA,2012,Desktop,167.95,Mid-range ($150-350),4004,140.0,0.0419,23.84,28.6
Quadro M2000,NVIDIA,2016,Workstation,264.24,Mid-range ($150-350),3942,75.0,0.067,14.92,52.56
GeForce GTX 750 Ti,NVIDIA,2014,Desktop,88.11,Budget (<$150),3919,60.0,0.0225,44.48,65.32
GeForce GTX 570,NVIDIA,2012,Desktop,149.99,Budget (<$150),3902,219.0,0.0384,26.02,17.82
Quadro K5000,NVIDIA,2012,Workstation,249.0,Mid-range ($150-350),3901,122.0,0.0638,15.67,31.98
Radeon HD 8970M,AMD,2014,Mobile,139.99,Budget (<$150),3876,100.0,0.0361,27.69,38.76
Radeon HD 7850,AMD,2012,Desktop,169.99,Mid-range ($150-350),3826,130.0,0.0444,22.51,29.43
Radeon Pro WX 4100,AMD,2017,Desktop,499.99,High-end ($350-700),3766,50.0,0.1328,7.53,75.32
GeForce GTX 780M,NVIDIA,2013,Mobile,499.0,High-end ($350-700),3755,122.0,0.1329,7.53,30.78
Quadro P620,NVIDIA,2018,Workstation,236.49,Mid-range ($150-350),3640,40.0,0.065,15.39,91.0
Radeon RX 560,AMD,2017,Desktop,225.91,Mid-range ($150-350),3594,80.0,0.0629,15.91,44.92
Quadro K2200,NVIDIA,2014,Workstation,268.3,Mid-range ($150-350),3541,68.0,0.0758,13.2,52.07
Quadro M2000M,NVIDIA,2015,"Mobile, Workstation",213.16,Mid-range ($150-350),3539,55.0,0.0602,16.6,64.35
GeForce GTX 960M,NVIDIA,2015,Mobile,1169.0,Enthusiast ($700+),3419,65.0,0.3419,2.92,52.6
GeForce GTX 750,NVIDIA,2014,Desktop,219.99,Mid-range ($150-350),3399,55.0,0.0647,15.45,61.8
Quadro P600,NVIDIA,2017,Workstation,325.99,Mid-range ($150-350),3324,40.0,0.0981,10.2,83.1
GeForce GTX 590,NVIDIA,2011,Desktop,435.0,High-end ($350-700),3307,365.0,0.1315,7.6,9.06
Quadro K5100M,NVIDIA,2014,Workstation,1108.84,Enthusiast ($700+),3266,100.0,0.3395,2.95,32.66
GeForce GTX 470,NVIDIA,2012,Desktop,59.99,Budget (<$150),3147,215.0,0.0191,52.46,14.64
Radeon R7 260X,AMD,2013,Desktop,139.99,Budget (<$150),3147,115.0,0.0445,22.48,27.37
Tesla C2070,NVIDIA,2011,Workstation,604.0,High-end ($350-700),3101,247.0,0.1948,5.13,12.55
Radeon HD 7790,AMD,2013,Desktop,139.99,Budget (<$150),3090,85.0,0.0453,22.07,36.35
GeForce GTX 680M,NVIDIA,2012,Mobile,135.99,Budget (<$150),3077,100.0,0.0442,22.63,30.77
FirePro W5000,AMD,2012,Workstation,184.0,Mid-range ($150-350),3056,75.0,0.0602,16.61,40.75
GeForce GTX 560 Ti,NVIDIA,2012,Desktop,129.99,Budget (<$150),3056,170.0,0.0425,23.51,17.98
GeForce GTX 860M,NVIDIA,2014,Mobile,114.0,Budget (<$150),3045,45.0,0.0374,26.71,67.67
Radeon R7 360,AMD,2015,Desktop,145.99,Budget (<$150),3034,100.0,0.0481,20.78,30.34
Radeon R9 360,AMD,2015,Desktop,133.89,Budget (<$150),3032,85.0,0.0442,22.65,35.67
Radeon HD 6990,AMD,2011,Desktop,498.49,High-end ($350-700),3013,375.0,0.1654,6.04,8.03
Quadro M1000M,NVIDIA,2015,"Mobile, Workstation",85.99,Budget (<$150),2987,40.0,0.0288,34.74,74.68
FirePro W5100,AMD,2014,Workstation,125.99,Budget (<$150),2957,75.0,0.0426,23.47,39.43
Radeon R7 260,AMD,2014,Desktop,89.99,Budget (<$150),2892,95.0,0.0311,32.14,30.44
Quadro K1200,NVIDIA,2015,Workstation,204.0,Mid-range ($150-350),2874,45.0,0.071,14.09,63.87
FirePro W4300,AMD,2016,Workstation,239.99,Mid-range ($150-350),2863,50.0,0.0838,11.93,57.26
Radeon HD 6970,AMD,2012,Desktop,149.99,Budget (<$150),2863,250.0,0.0524,19.09,11.45
FirePro 3D V9800,AMD,2011,Workstation,2499.0,Enthusiast ($700+),2812,225.0,0.8887,1.13,12.5
GeForce GTX 770M,NVIDIA,2013,Mobile,138.0,Budget (<$150),2786,75.0,0.0495,20.19,37.15
Quadro K4100M,NVIDIA,2013,Workstation,261.29,Mid-range ($150-350),2756,100.0,0.0948,10.55,27.56
Quadro K5000M,NVIDIA,2012,Workstation,508.91,High-end ($350-700),2754,100.0,0.1848,5.41,27.54
Radeon RX 550,AMD,2017,Desktop,157.74,Mid-range ($150-350),2718,50.0,0.058,17.23,54.36
GeForce GTX 560,NVIDIA,2012,Desktop,205.0,Mid-range ($150-350),2711,150.0,0.0756,13.22,18.07
Quadro K4000,NVIDIA,2012,Workstation,270.0,Mid-range ($150-350),2700,80.0,0.1,10.0,33.75
Quadro 6000,NVIDIA,2010,Workstation,4092.38,Enthusiast ($700+),2689,204.0,1.5219,0.66,13.18
GeForce GTX 465,NVIDIA,2012,Desktop,195.0,Mid-range ($150-350),2681,200.0,0.0727,13.75,13.4
Radeon HD 6950,AMD,2012,Desktop,139.99,Budget (<$150),2650,200.0,0.0528,18.93,13.25
GeForce GTX 950M,NVIDIA,2015,Mobile,567.0,High-end ($350-700),2602,75.0,0.2179,4.59,34.69
GeForce GT 1030,NVIDIA,2017,Desktop,109.99,Budget (<$150),2545,30.0,0.0432,23.14,84.83
GeForce GTX 650 Ti,NVIDIA,2012,Desktop,93.05,Budget (<$150),2527,110.0,0.0368,27.16,22.97
Radeon Pro WX 3200,AMD,2019,Mobile,216.99,Mid-range ($150-350),2456,65.0,0.0884,11.32,37.78
FirePro 3D V8800,AMD,2010,Workstation,424.99,High-end ($350-700),2438,208.0,0.1743,5.74,11.72
GeForce GTX 580M,NVIDIA,2011,Mobile,248.68,Mid-range ($150-350),2373,100.0,0.1048,9.54,23.73
FirePro V7900,AMD,2011,Workstation,190.0,Mid-range ($150-350),2310,150.0,0.0823,12.16,15.4
GeForce MX150,NVIDIA,2017,Mobile,59.29,Budget (<$150),2310,25.0,0.0257,38.96,92.4
GeForce GTX 460,NVIDIA,2012,Desktop,89.99,Budget (<$150),2289,150.0,0.0393,25.44,15.26
Radeon HD 6970M,AMD,2011,Mobile,215.99,Mid-range ($150-350),2270,75.0,0.0951,10.51,30.27
Radeon R7 250X,AMD,2015,Desktop,194.0,Mid-range ($150-350),2269,95.0,0.0855,11.7,23.88
Radeon HD 5870,AMD,2012,Desktop,295.0,Mid-range ($150-350),2266,228.0,0.1302,7.68,9.94
Quadro K3100M,NVIDIA,2013,Workstation,399.95,High-end ($350-700),2263,75.0,0.1767,5.66,30.17
Radeon HD 5970,AMD,2012,Desktop,179.99,Mid-range ($150-350),2249,294.0,0.08,12.5,7.65
Quadro K620,NVIDIA,2014,Workstation,2029.99,Enthusiast ($700+),2246,45.0,0.9038,1.11,49.91
Radeon HD 6870,AMD,2012,Desktop,275.0,Mid-range ($150-350),2223,151.0,0.1237,8.08,14.72
Radeon HD 7770,AMD,2012,Desktop,300.0,Mid-range ($150-350),2204,80.0,0.1361,7.35,27.55
GeForce GTX 745,NVIDIA,2014,Desktop,284.95,Mid-range ($150-350),2175,55.0,0.131,7.63,39.55
GeForce GTX 560 SE,NVIDIA,2012,Desktop,89.99,Budget (<$150),2087,150.0,0.0431,23.19,13.91
Quadro M600M,NVIDIA,2015,"Mobile, Workstation",251.99,Mid-range ($150-350),2008,30.0,0.1255,7.97,66.93
Radeon R9 350,AMD,2016,Desktop,299.0,Mid-range ($150-350),2007,60.0,0.149,6.71,33.45
GeForce GTX 460 v2,NVIDIA,2011,Desktop,199.99,Mid-range ($150-350),2005,160.0,0.0997,10.03,12.53
Quadro 5000,NVIDIA,2010,Workstation,2368.9,Enthusiast ($700+),1982,152.0,1.1952,0.84,13.04
Radeon HD 6850,AMD,2012,Desktop,85.0,Budget (<$150),1979,127.0,0.043,23.28,15.58
GeForce GTX 460 SE,NVIDIA,2012,Desktop,159.99,Mid-range ($150-350),1974,150.0,0.081,12.34,13.16
GeForce GTX 765M,NVIDIA,2013,Mobile,186.3,Mid-range ($150-350),1972,65.0,0.0945,10.59,30.34
Radeon HD 5850,AMD,2012,Desktop,288.99,Mid-range ($150-350),1966,151.0,0.147,6.8,13.02
Radeon R7 450,AMD,2016,Desktop,299.0,Mid-range ($150-350),1966,65.0,0.1521,6.58,30.25
Quadro K4000M,NVIDIA,2012,Workstation,254.0,Mid-range ($150-350),1949,100.0,0.1303,7.67,19.49
Radeon Pro WX 4150,AMD,2017,Mobile,612.03,High-end ($350-700),1935,50.0,0.3163,3.16,38.7
Radeon RX 570X,AMD,2020,Desktop,279.99,Mid-range ($150-350),1923,120.0,0.1456,6.87,16.02
Quadro 5010M,NVIDIA,2011,Workstation,235.95,Mid-range ($150-350),1891,100.0,0.1248,8.01,18.91
FirePro 3D V7800,AMD,2010,Workstation,599.99,High-end ($350-700),1867,138.0,0.3214,3.11,13.53
GeForce GTX 650,NVIDIA,2012,Desktop,109.98,Budget (<$150),1769,64.0,0.0622,16.08,27.64
FirePro W600,AMD,2013,Workstation,414.99,High-end ($350-700),1752,75.0,0.2369,4.22,23.36
Radeon HD 5830,AMD,2012,Desktop,258.99,Mid-range ($150-350),1735,175.0,0.1493,6.7,9.91
Radeon HD 7750,AMD,2012,Desktop,99.99,Budget (<$150),1696,55.0,0.059,16.96,30.84
Quadro K3000M,NVIDIA,2012,Workstation,407.56,High-end ($350-700),1626,75.0,0.2507,3.99,21.68
Quadro K2000D,NVIDIA,2013,Workstation,339.99,Mid-range ($150-350),1614,51.0,0.2107,4.75,31.65
Quadro P400,NVIDIA,2017,Workstation,201.17,Mid-range ($150-350),1614,30.0,0.1246,8.02,53.8
Radeon HD 6790,AMD,2011,Desktop,294.0,Mid-range ($150-350),1613,150.0,0.1823,5.49,10.75
Quadro K2000,NVIDIA,2013,Workstation,294.0,Mid-range ($150-350),1567,51.0,0.1876,5.33,30.73
GeForce GTX 550 Ti,NVIDIA,2012,Desktop,99.99,Budget (<$150),1557,116.0,0.0642,15.57,13.42
GeForce GTX 285,NVIDIA,2009,Desktop,119.99,Budget (<$150),1550,204.0,0.0774,12.92,7.6
FirePro W4100,AMD,2014,Workstation,184.0,Mid-range ($150-350),1541,50.0,0.1194,8.38,30.82
Radeon HD 4890,AMD,2012,Desktop,89.99,Budget (<$150),1533,190.0,0.0587,17.04,8.07
GeForce GT 740,NVIDIA,2014,Desktop,236.99,Mid-range ($150-350),1529,64.0,0.155,6.45,23.89
Quadro 4000,NVIDIA,2010,Workstation,978.99,Enthusiast ($700+),1489,142.0,0.6575,1.52,10.49
GeForce GTX 660M,NVIDIA,2012,Mobile,78.99,Budget (<$150),1414,50.0,0.0559,17.9,28.28
GeForce GTX 275,NVIDIA,2012,Desktop,431.72,High-end ($350-700),1401,219.0,0.3082,3.25,6.4
Radeon HD 4870,AMD,2012,Desktop,79.99,Budget (<$150),1391,150.0,0.0575,17.39,9.27
Radeon R9 M370X,AMD,2015,Mobile,889.0,Enthusiast ($700+),1374,50.0,0.647,1.55,27.48
Radeon HD 5770,AMD,2012,Desktop,189.99,Mid-range ($150-350),1351,108.0,0.1406,7.11,12.51
Quadro K2100M,NVIDIA,2013,Workstation,415.99,High-end ($350-700),1348,55.0,0.3086,3.24,24.51
GeForce GTS 450,NVIDIA,2012,Desktop,79.99,Budget (<$150),1321,106.0,0.0606,16.51,12.46
Quadro 4000M,NVIDIA,2011,Workstation,232.06,Mid-range ($150-350),1307,100.0,0.1776,5.63,13.07
FirePro 3D V8750,AMD,2009,Workstation,1230.99,Enthusiast ($700+),1272,154.0,0.9678,1.03,8.26
FirePro V5900,AMD,2011,Workstation,86.0,Budget (<$150),1271,75.0,0.0677,14.78,16.95
Quadro FX 5800,NVIDIA,2009,Workstation,274.0,Mid-range ($150-350),1248,189.0,0.2196,4.55,6.6
FirePro 3D V5800,AMD,2010,Workstation,204.0,Mid-range ($150-350),1232,74.0,0.1656,6.04,16.65
Radeon HD 6770,AMD,2011,Desktop,264.99,Mid-range ($150-350),1231,108.0,0.2153,4.65,11.4
GeForce GTX 260,NVIDIA,2012,Desktop,79.99,Budget (<$150),1221,202.0,0.0655,15.26,6.04
Radeon HD 7730,AMD,2015,Desktop,232.7,Mid-range ($150-350),1217,47.0,0.1912,5.23,25.89
FirePro 3D V8700,AMD,2010,Workstation,170.07,Mid-range ($150-350),1206,151.0,0.141,7.09,7.99
GeForce GT 640,NVIDIA,2011,Desktop,109.99,Budget (<$150),1182,65.0,0.0931,10.75,18.18
GeForce GTX 280,NVIDIA,2012,Desktop,522.78,High-end ($350-700),1181,236.0,0.4427,2.26,5.0
GeForce GTX 295,NVIDIA,2009,Desktop,159.99,Mid-range ($150-350),1171,289.0,0.1366,7.32,4.05
Radeon HD 5750,AMD,2012,Desktop,69.99,Budget (<$150),1156,86.0,0.0605,16.52,13.44
Radeon R7 250,AMD,2013,Desktop,189.97,Mid-range ($150-350),1151,75.0,0.165,6.06,15.35
Quadro K1100M,NVIDIA,2013,Workstation,322.99,Mid-range ($150-350),1082,45.0,0.2985,3.35,24.04
Quadro K2000M,NVIDIA,2012,Workstation,144.04,Budget (<$150),1027,55.0,0.1403,7.13,18.67
Quadro 3000M,NVIDIA,2011,Workstation,69.99,Budget (<$150),1024,75.0,0.0683,14.63,13.65
Radeon HD 6750,AMD,2011,Desktop,79.99,Budget (<$150),1005,86.0,0.0796,12.56,11.69
Radeon HD 8570,AMD,2013,Desktop,98.68,Budget (<$150),991,66.0,0.0996,10.04,15.02
Quadro FX 4800,NVIDIA,2012,Workstation,204.0,Mid-range ($150-350),979,150.0,0.2084,4.8,6.53
FirePro V4900,AMD,2012,Workstation,149.99,Budget (<$150),974,75.0,0.154,6.49,12.99
Radeon HD 4850,AMD,2012,Desktop,378.0,High-end ($350-700),953,110.0,0.3966,2.52,8.66
Quadro 2000,NVIDIA,2010,Workstation,213.23,Mid-range ($150-350),942,62.0,0.2264,4.42,15.19
Radeon HD 4770,AMD,2011,Desktop,59.99,Budget (<$150),906,80.0,0.0662,15.1,11.32
FirePro W2100,AMD,2014,Workstation,59.0,Budget (<$150),890,26.0,0.0663,15.08,34.23
Radeon R7 240,AMD,2013,Desktop,109.99,Budget (<$150),863,30.0,0.1275,7.85,28.77
Radeon HD 4830,AMD,2012,Desktop,59.99,Budget (<$150),860,95.0,0.0698,14.34,9.05
FirePro 3D V4800,AMD,2010,Workstation,159.99,Mid-range ($150-350),854,69.0,0.1873,5.34,12.38
GeForce GT 730,NVIDIA,2014,Desktop,109.99,Budget (<$150),812,49.0,0.1355,7.38,16.57
GeForce 9800 GX2,NVIDIA,2009,Desktop,195.0,Mid-range ($150-350),798,197.0,0.2444,4.09,4.05
Radeon HD 5670,AMD,2012,Desktop,67.0,Budget (<$150),784,64.0,0.0855,11.7,12.25
Quadro FX 3800,NVIDIA,2009,Workstation,259.13,Mid-range ($150-350),780,108.0,0.3322,3.01,7.22
Quadro K420,NVIDIA,2014,Workstation,269.0,Mid-range ($150-350),775,41.0,0.3471,2.88,18.9
GeForce GT 340,NVIDIA,2011,Desktop,52.99,Budget (<$150),774,69.0,0.0685,14.61,11.22
Quadro 2000M,NVIDIA,2012,Workstation,229.74,Mid-range ($150-350),773,55.0,0.2972,3.36,14.05
Quadro K1000M,NVIDIA,2012,Workstation,69.95,Budget (<$150),773,45.0,0.0905,11.05,17.18
GeForce 9800 GTX,NVIDIA,2009,Desktop,74.99,Budget (<$150),769,140.0,0.0975,10.25,5.49
Quadro K600,NVIDIA,2013,Workstation,60.24,Budget (<$150),769,41.0,0.0783,12.77,18.76
GeForce GT 440,NVIDIA,2010,Desktop,225.0,Mid-range ($150-350),766,65.0,0.2937,3.4,11.78
Radeon HD 6670,AMD,2012,Desktop,68.99,Budget (<$150),745,66.0,0.0926,10.8,11.29
NVS 510,NVIDIA,2012,Workstation,139.99,Budget (<$150),730,35.0,0.1918,5.21,20.86
Quadro K610M,NVIDIA,2014,Workstation,240.0,Mid-range ($150-350),708,30.0,0.339,2.95,23.6
GeForce GT 555M,NVIDIA,2011,Mobile,177.2,Mid-range ($150-350),688,30.0,0.2576,3.88,22.93
GeForce GT 630,NVIDIA,2012,Desktop,147.01,Budget (<$150),683,50.0,0.2152,4.65,13.66
GeForce GT 530,NVIDIA,2011,Desktop,49.0,Budget (<$150),676,50.0,0.0725,13.8,13.52
GeForce GT 640M LE,NVIDIA,2012,Mobile,849.99,Enthusiast ($700+),673,32.0,1.263,0.79,21.03
Quadro 500M,NVIDIA,2013,Workstation,275.14,Mid-range ($150-350),664,35.0,0.4144,2.41,18.97
FirePro V3900,AMD,2012,Workstation,238.44,Mid-range ($150-350),662,50.0,0.3602,2.78,13.24
GeForce GT 710,NVIDIA,2014,Desktop,102.99,Budget (<$150),637,25.0,0.1617,6.19,25.48
GeForce GTS 240,NVIDIA,2009,Desktop,64.99,Budget (<$150),622,120.0,0.1045,9.57,5.18
GeForce GTS 250,NVIDIA,2012,Desktop,69.99,Budget (<$150),618,150.0,0.1133,8.83,4.12
Radeon HD 7570,AMD,2012,Desktop,102.49,Budget (<$150),613,44.0,0.1672,5.98,13.93
GeForce GT 720,NVIDIA,2014,Desktop,99.99,Budget (<$150),606,19.0,0.165,6.06,31.89
GeForce GT 430,NVIDIA,2012,Desktop,139.99,Budget (<$150),603,49.0,0.2322,4.31,12.31
Quadro 1000M,NVIDIA,2012,Workstation,54.5,Budget (<$150),599,45.0,0.091,10.99,13.31
GeForce 8800 GTX,NVIDIA,2012,Desktop,119.99,Budget (<$150),597,155.0,0.201,4.98,3.85
Radeon HD 3870,AMD,2012,Desktop,69.99,Budget (<$150),576,106.0,0.1215,8.23,5.43
FirePro 3D V5700,AMD,2009,Workstation,319.99,Mid-range ($150-350),547,58.0,0.585,1.71,9.43
Quadro 600,NVIDIA,2012,Workstation,76.0,Budget (<$150),546,40.0,0.1392,7.18,13.65
FirePro 3D V7750,AMD,2009,Workstation,350.0,Mid-range ($150-350),545,76.0,0.6422,1.56,7.17
GeForce GT 240,NVIDIA,2012,Desktop,160.97,Mid-range ($150-350),543,69.0,0.2964,3.37,7.87
Radeon R5 240,AMD,2014,Desktop,85.0,Budget (<$150),520,50.0,0.1635,6.12,10.4
GeForce 8800 GT,NVIDIA,2009,Desktop,69.99,Budget (<$150),519,125.0,0.1349,7.42,4.15
Radeon R5 330,AMD,2017,Desktop,339.99,Mid-range ($150-350),513,30.0,0.6627,1.51,17.1
GeForce 9600 GT,NVIDIA,2011,Desktop,64.99,Budget (<$150),505,95.0,0.1287,7.77,5.32
Radeon HD 6570,AMD,2012,Desktop,63.81,Budget (<$150),496,44.0,0.1286,7.77,11.27
GeForce GT 540M,NVIDIA,2012,Mobile,87.95,Budget (<$150),493,32.0,0.1784,5.61,15.41
Radeon HD 7670M,AMD,2012,Mobile,629.99,High-end ($350-700),485,20.0,1.2989,0.77,24.25
GeForce 9800 GT,NVIDIA,2012,Desktop,74.99,Budget (<$150),481,125.0,0.1559,6.41,3.85
Radeon HD 5570,AMD,2012,Desktop,163.99,Mid-range ($150-350),473,39.0,0.3467,2.88,12.13
FirePro 3D V3800,AMD,2010,Workstation,149.99,Budget (<$150),472,43.0,0.3178,3.15,10.98
Quadro FX 3700M,NVIDIA,2009,Workstation,925.0,Enthusiast ($700+),467,75.0,1.9807,0.5,6.23
GeForce 9800M GTX,NVIDIA,2009,Mobile,328.5,Mid-range ($150-350),462,75.0,0.711,1.41,6.16
GeForce GT 320,NVIDIA,2010,Desktop,32.69,Budget (<$150),444,43.0,0.0736,13.58,10.33
GeForce 8800 GTS,NVIDIA,2012,Desktop,79.99,Budget (<$150),440,146.0,0.1818,5.5,3.01
Quadro FX 4600,NVIDIA,2009,Workstation,333.25,Mid-range ($150-350),437,134.0,0.7626,1.31,3.26
Quadro 410,NVIDIA,2012,Workstation,129.0,Budget (<$150),436,38.0,0.2959,3.38,11.47
Quadro FX 2800M,NVIDIA,2010,Workstation,190.0,Mid-range ($150-350),433,75.0,0.4388,2.28,5.77
GeForce GT 420,NVIDIA,2010,Desktop,155.0,Mid-range ($150-350),411,50.0,0.3771,2.65,8.22
Quadro FX 1800,NVIDIA,2009,Workstation,135.0,Budget (<$150),405,59.0,0.3333,3.0,6.86
Quadro FX 3700,NVIDIA,2010,Workstation,213.27,Mid-range ($150-350),384,78.0,0.5554,1.8,4.92
Radeon HD 4670,AMD,2012,Desktop,142.96,Budget (<$150),384,59.0,0.3723,2.69,6.51
Radeon HD 5550,AMD,2010,Desktop,54.99,Budget (<$150),383,39.0,0.1436,6.96,9.82
GeForce GT 620,NVIDIA,2012,Desktop,154.0,Mid-range ($150-350),365,30.0,0.4219,2.37,12.17
Quadro FX 2700M,NVIDIA,2009,Workstation,99.95,Budget (<$150),358,65.0,0.2792,3.58,5.51
GeForce GT 705,NVIDIA,2014,Desktop,296.76,Mid-range ($150-350),355,29.0,0.8359,1.2,12.24
GeForce 9600 GSO,NVIDIA,2009,Desktop,49.99,Budget (<$150),350,84.0,0.1428,7.0,4.17
GeForce GT 130,NVIDIA,2009,Desktop,151.34,Mid-range ($150-350),347,75.0,0.4361,2.29,4.63
FirePro 3D V3750,AMD,2009,Workstation,50.88,Budget (<$150),341,48.0,0.1492,6.7,7.1
FirePro RG220,AMD,2011,Workstation,650.18,High-end ($350-700),335,35.0,1.9408,0.52,9.57
Radeon R5 235,AMD,2014,Desktop,60.13,Budget (<$150),329,35.0,0.1828,5.47,9.4
Radeon HD 7470,AMD,2012,Desktop,81.37,Budget (<$150),316,27.0,0.2575,3.88,11.7
Quadro FX 3500M,NVIDIA,2009,Workstation,99.99,Budget (<$150),306,45.0,0.3268,3.06,6.8
GeForce GT 610,NVIDIA,2012,Desktop,139.99,Budget (<$150),303,29.0,0.462,2.16,10.45
GeForce GT 520,NVIDIA,2011,Desktop,304.0,Mid-range ($150-350),297,29.0,1.0236,0.98,10.24
Quadro FX 3500,NVIDIA,2009,Workstation,68.98,Budget (<$150),292,80.0,0.2362,4.23,3.65
GeForce 7800 GTX,NVIDIA,2009,Desktop,71.6,Budget (<$150),291,86.0,0.246,4.06,3.38
GeForce GT 520M,NVIDIA,2012,Mobile,29.95,Budget (<$150),288,12.0,0.104,9.62,24.0
NVS 315,NVIDIA,2014,Workstation,69.99,Budget (<$150),286,19.5,0.2447,4.09,14.67
Radeon HD 2600 XT,AMD,2011,Desktop,159.0,Mid-range ($150-350),283,45.0,0.5618,1.78,6.29
Radeon HD 8490,AMD,2014,Desktop,89.99,Budget (<$150),265,35.0,0.3396,2.94,7.57
GeForce 510,NVIDIA,2011,Desktop,69.99,Budget (<$150),257,25.0,0.2723,3.67,10.28
NVS 310,NVIDIA,2012,Workstation,62.06,Budget (<$150),242,19.5,0.2564,3.9,12.41
Quadro FX 5500,NVIDIA,2009,Workstation,1999.0,Enthusiast ($700+),242,96.0,8.2603,0.12,2.52
Radeon HD 4550,AMD,2012,Desktop,156.0,Mid-range ($150-350),236,20.0,0.661,1.51,11.8
Quadro FX 4500,NVIDIA,2009,Workstation,169.0,Mid-range ($150-350),226,109.0,0.7478,1.34,2.07
Radeon HD 7450,AMD,2012,Desktop,49.99,Budget (<$150),221,18.0,0.2262,4.42,12.28
Radeon HD 4650,AMD,2011,Desktop,69.99,Budget (<$150),219,48.0,0.3196,3.13,4.56
Quadro FX 2500M,NVIDIA,2009,Workstation,17.5,Budget (<$150),218,45.0,0.0803,12.46,4.84
GeForce GT 220,NVIDIA,2012,Desktop,39.99,Budget (<$150),211,58.0,0.1895,5.28,3.64
Radeon HD 2600 PRO,AMD,2011,Desktop,188.44,Mid-range ($150-350),211,35.0,0.8931,1.12,6.03
Radeon HD 6380G,AMD,2012,Mobile,399.99,High-end ($350-700),204,35.0,1.9607,0.51,5.83
Radeon HD 6450,AMD,2011,Desktop,89.0,Budget (<$150),200,18.0,0.445,2.25,11.11
Quadro FX 770M,NVIDIA,2009,Workstation,527.0,High-end ($350-700),198,35.0,2.6616,0.38,5.66
Quadro FX 1500,NVIDIA,2009,Workstation,115.01,Budget (<$150),190,65.0,0.6053,1.65,2.92
Quadro FX 1600M,NVIDIA,2009,Workstation,149.9,Budget (<$150),186,50.0,0.8059,1.24,3.72
Quadro FX 380,NVIDIA,2012,Workstation,72.5,Budget (<$150),186,34.0,0.3898,2.57,5.47
FirePro 3D V3700,AMD,2011,Workstation,84.99,Budget (<$150),179,32.0,0.4748,2.11,5.59
GeForce GT 120,NVIDIA,2009,Desktop,29.99,Budget (<$150),175,50.0,0.1714,5.84,3.5
FirePro 2460,AMD,2012,Workstation,83.99,Budget (<$150),170,17.0,0.4941,2.02,10.0
Radeon HD 8350,AMD,2013,Desktop,99.81,Budget (<$150),165,4.4,0.6049,1.65,37.5
GeForce 8600 GTS,NVIDIA,2012,Desktop,241.99,Mid-range ($150-350),161,75.0,1.503,0.67,2.15
GeForce 315,NVIDIA,2010,Desktop,32.99,Budget (<$150),159,33.0,0.2075,4.82,4.82
Quadro FX 570,NVIDIA,2009,Workstation,115.0,Budget (<$150),156,38.0,0.7372,1.36,4.11
Quadro FX 580,NVIDIA,2009,Workstation,130.0,Budget (<$150),155,40.0,0.8387,1.19,3.88
Quadro FX 3450,NVIDIA,2009,Workstation,119.99,Budget (<$150),149,83.0,0.8053,1.24,1.8
Radeon HD 6320,AMD,2011,Mobile,554.99,High-end ($350-700),148,45.0,3.7499,0.27,3.29
FirePro 2270,AMD,2012,Workstation,134.0,Budget (<$150),147,17.0,0.9116,1.1,8.65
Quadro 400,NVIDIA,2011,Workstation,211.0,Mid-range ($150-350),146,32.0,1.4452,0.69,4.56
RADEON HD 6350,AMD,2011,Desktop,59.0,Budget (<$150),141,19.1,0.4184,2.39,7.38
Radeon HD 5450,AMD,2012,Desktop,94.96,Budget (<$150),138,19.1,0.6881,1.45,7.23
GeForce 9650M GT,NVIDIA,2009,Mobile,117.3,Budget (<$150),137,23.0,0.8562,1.17,5.96
GeForce 9500 GT,NVIDIA,2009,Desktop,85.99,Budget (<$150),135,50.0,0.637,1.57,2.7
Radeon R5 220,AMD,2015,Desktop,85.26,Budget (<$150),135,19.0,0.6316,1.58,7.11
GeForce 9600M GT,NVIDIA,2009,Mobile,78.2,Budget (<$150),132,23.0,0.5924,1.69,5.74
GeForce 8400 GS,NVIDIA,2012,Desktop,85.97,Budget (<$150),128,40.0,0.6716,1.49,3.2
Quadro FX 1400,NVIDIA,2011,Workstation,245.01,Mid-range ($150-350),124,70.0,1.9759,0.51,1.77
GeForce 310,NVIDIA,2010,Desktop,108.35,Budget (<$150),122,30.5,0.8881,1.13,4.0
Quadro FX 1700,NVIDIA,2009,Workstation,350.14,High-end ($350-700),118,42.0,2.9673,0.34,2.81
Radeon HD 3450,AMD,2011,Desktop,89.0,Budget (<$150),118,25.0,0.7542,1.33,4.72
GeForce 8600 GT,NVIDIA,2012,Desktop,196.0,Mid-range ($150-350),117,47.0,1.6752,0.6,2.49
NVS 300,NVIDIA,2011,Workstation,62.97,Budget (<$150),114,17.5,0.5524,1.81,6.51
Quadro FX 560,NVIDIA,2009,Workstation,150.25,Mid-range ($150-350),114,30.0,1.318,0.76,3.8
GeForce 9400 GT,NVIDIA,2010,Desktop,159.99,Mid-range ($150-350),105,50.0,1.5237,0.66,2.1
Radeon HD 4350,AMD,2012,Desktop,102.24,Budget (<$150),103,20.0,0.9926,1.01,5.15
GeForce 8400M GS,NVIDIA,2009,Mobile,78.2,Budget (<$150),98,11.0,0.798,1.25,8.91
GeForce 210,NVIDIA,2009,Desktop,54.92,Budget (<$150),97,30.5,0.5662,1.77,3.18
GeForce 9300M GS,NVIDIA,2009,Mobile,43.42,Budget (<$150),92,13.0,0.472,2.12,7.08
Radeon HD 3470,AMD,2011,Desktop,109.65,Budget (<$150),90,30.0,1.2183,0.82,3.0
GeForce 8600M GT,NVIDIA,2011,Mobile,108.1,Budget (<$150),89,20.0,1.2146,0.82,4.45
Radeon X1650 Pro,AMD,2010,Desktop,160.89,Mid-range ($150-350),85,44.0,1.8928,0.53,1.93
Quadro FX 370,NVIDIA,2009,Workstation,125.0,Budget (<$150),84,35.0,1.4881,0.67,2.4
Quadro FX 540,NVIDIA,2009,Workstation,59.99,Budget (<$150),81,35.0,0.7406,1.35,2.31
Quadro NVS 295,NVIDIA,2009,Workstation,63.0,Budget (<$150),75,23.0,0.84,1.19,3.26
Radeon X1550,AMD,2009,Desktop,155.0,Mid-range ($150-350),67,27.0,2.3134,0.43,2.48
Quadro FX 550,NVIDIA,2009,Workstation,287.82,Mid-range ($150-350),64,25.0,4.4972,0.22,2.56
FirePro 2450,AMD,2010,Workstation,89.99,Budget (<$150),51,36.0,1.7645,0.57,1.42
